{
  "version": "1.0",
  "defaultProvider": "cdnjs",
  "libraries": [
    {
      "library": "jquery@3.4.1",
      "destination": "wwwroot/lib/jquery/"
    },
    {
      "provider": "unpkg",
      "library": "bootstrap@4.3.1",
      "files": [
        "dist/css/bootstrap.css",
        "dist/css/bootstrap.css.map",
        "dist/css/bootstrap.min.css",
        "dist/css/bootstrap.min.css.map",
        "dist/js/bootstrap.js",
        "dist/js/bootstrap.min.js"
      ],
      "destination": "wwwroot/lib/bootstrap/"
    },
    {
      "library": "jquery-validation-unobtrusive@3.2.11",
      "destination": "wwwroot/lib/jquery-validation-unobtrusive/"
    },
    {
      "library": "jquery-validate@1.19.0",
      "destination": "wwwroot/lib/jquery-validate/",
      "files": [
        "jquery.validate.min.js",
        "jquery.validate.js"
      ]
    },
    {
      "library": "toastr.js@2.1.4",
      "destination": "wwwroot/lib/toastr/"
    },
    {
      "provider": "unpkg",
      "library": "@aspnet/signalr@1.1.2",
      "files": [    
        "dist/browser/signalr.js",
        "dist/browser/signalr.min.js"
      ],
      "destination": "wwwroot/lib/@aspnet/signalr/"
    }
  ]
}